Filename,Target
fabric_moderate_001_new.jpg,fabric
fabric_moderate_002_new.jpg,fabric
fabric_moderate_003_new.jpg,fabric
fabric_moderate_004_new.jpg,fabric
fabric_moderate_005_new.jpg,fabric
fabric_moderate_007_new.jpg,fabric
fabric_moderate_008_new.jpg,fabric
fabric_moderate_009_new.jpg,fabric
fabric_moderate_010_new.jpg,fabric
fabric_moderate_011_new.jpg,fabric
fabric_moderate_012_new.jpg,fabric
fabric_moderate_014_new.jpg,fabric
fabric_moderate_015_new.jpg,fabric
fabric_moderate_016_new.jpg,fabric
fabric_moderate_017_new.jpg,fabric
fabric_moderate_018_new.jpg,fabric
fabric_moderate_019_new.jpg,fabric
fabric_moderate_020_new.jpg,fabric
fabric_moderate_021_new.jpg,fabric
fabric_moderate_022_new.jpg,fabric
fabric_moderate_023_new.jpg,fabric
fabric_moderate_024_new.jpg,fabric
fabric_moderate_025_new.jpg,fabric
fabric_moderate_026_new.jpg,fabric
fabric_moderate_027_new.jpg,fabric
fabric_moderate_028_new.jpg,fabric
fabric_moderate_030_new.jpg,fabric
fabric_moderate_031_new.jpg,fabric
fabric_moderate_032_new.jpg,fabric
fabric_moderate_033_new.jpg,fabric
fabric_moderate_034_new.jpg,fabric
fabric_moderate_035_new.jpg,fabric
fabric_moderate_036_new.jpg,fabric
fabric_moderate_037_new.jpg,fabric
fabric_moderate_038_new.jpg,fabric
fabric_moderate_039_new.jpg,fabric
fabric_moderate_040_new.jpg,fabric
fabric_moderate_041_new.jpg,fabric
fabric_moderate_042_new.jpg,fabric
fabric_moderate_043_new.jpg,fabric
fabric_moderate_044_new.jpg,fabric
fabric_moderate_045_new.jpg,fabric
fabric_moderate_046_new.jpg,fabric
fabric_moderate_047_new.jpg,fabric
fabric_moderate_049_new.jpg,fabric
fabric_moderate_050_new.jpg,fabric
fabric_object_001_new.jpg,fabric
fabric_object_003_new.jpg,fabric
fabric_object_004_new.jpg,fabric
fabric_object_005_new.jpg,fabric
fabric_object_006_new.jpg,fabric
fabric_object_007_new.jpg,fabric
fabric_object_008_new.jpg,fabric
fabric_object_010_new.jpg,fabric
fabric_object_011_new.jpg,fabric
fabric_object_012_new.jpg,fabric
fabric_object_013_new.jpg,fabric
fabric_object_014_new.jpg,fabric
fabric_object_016_new.jpg,fabric
fabric_object_017_new.jpg,fabric
fabric_object_019_new.jpg,fabric
fabric_object_020_new.jpg,fabric
fabric_object_021_new.jpg,fabric
fabric_object_022_new.jpg,fabric
fabric_object_023_new.jpg,fabric
fabric_object_025_new.jpg,fabric
fabric_object_026_new.jpg,fabric
fabric_object_027_new.jpg,fabric
fabric_object_028_new.jpg,fabric
fabric_object_029_new.jpg,fabric
fabric_object_030_new.jpg,fabric
fabric_object_031_new.jpg,fabric
fabric_object_032_new.jpg,fabric
fabric_object_033_new.jpg,fabric
fabric_object_034_new.jpg,fabric
fabric_object_036_new.jpg,fabric
fabric_object_037_new.jpg,fabric
fabric_object_038_new.jpg,fabric
fabric_object_039_new.jpg,fabric
fabric_object_040_new.jpg,fabric
fabric_object_041_new.jpg,fabric
fabric_object_042_new.jpg,fabric
fabric_object_043_new.jpg,fabric
fabric_object_044_new.jpg,fabric
fabric_object_045_new.jpg,fabric
fabric_object_046_new.jpg,fabric
fabric_object_047_new.jpg,fabric
fabric_object_048_new.jpg,fabric
fabric_object_049_new.jpg,fabric
fabric_object_050_new.jpg,fabric
foliage_final_001_new.jpg,foliage
foliage_final_002_new.jpg,foliage
foliage_final_003_new.jpg,foliage
foliage_final_004_new.jpg,foliage
foliage_final_005_new.jpg,foliage
foliage_final_006_new.jpg,foliage
foliage_final_007_new.jpg,foliage
foliage_final_008_new.jpg,foliage
foliage_final_009_new.jpg,foliage
foliage_final_010_new.jpg,foliage
foliage_final_011_new.jpg,foliage
foliage_final_012_new.jpg,foliage
foliage_final_013_new.jpg,foliage
foliage_final_014_new.jpg,foliage
foliage_final_015_new.jpg,foliage
foliage_final_016_new.jpg,foliage
foliage_final_018_new.jpg,foliage
foliage_final_019_new.jpg,foliage
foliage_final_021_new.jpg,foliage
foliage_final_022_new.jpg,foliage
foliage_final_023_new.jpg,foliage
foliage_final_024_new.jpg,foliage
foliage_final_025_new.jpg,foliage
foliage_final_026_new.jpg,foliage
foliage_final_027_new.jpg,foliage
foliage_final_029_new.jpg,foliage
foliage_final_030_new.jpg,foliage
foliage_final_031_new.jpg,foliage
foliage_final_032_new.jpg,foliage
foliage_final_033_new.jpg,foliage
foliage_final_034_new.jpg,foliage
foliage_final_035_new.jpg,foliage
foliage_final_036_new.jpg,foliage
foliage_final_037_new.jpg,foliage
foliage_final_038_new.jpg,foliage
foliage_final_039_new.jpg,foliage
foliage_final_040_new.jpg,foliage
foliage_final_041_new.jpg,foliage
foliage_final_042_new.jpg,foliage
foliage_final_043_new.jpg,foliage
foliage_final_044_new.jpg,foliage
foliage_final_045_new.jpg,foliage
foliage_final_046_new.jpg,foliage
foliage_final_047_new.jpg,foliage
foliage_final_048_new.jpg,foliage
foliage_final_049_new.jpg,foliage
foliage_final_050_new.jpg,foliage
foliage_final_051_new.jpg,foliage
foliage_final_052_new.jpg,foliage
foliage_final_053_new.jpg,foliage
foliage_final_054_new.jpg,foliage
foliage_final_055_new.jpg,foliage
foliage_final_056_new.jpg,foliage
foliage_final_057_new.jpg,foliage
foliage_final_058_new.jpg,foliage
foliage_final_059_new.jpg,foliage
foliage_final_060_new.jpg,foliage
foliage_final_061_new.jpg,foliage
foliage_final_062_new.jpg,foliage
foliage_final_063_new.jpg,foliage
foliage_final_064_new.jpg,foliage
foliage_final_065_new.jpg,foliage
foliage_final_066_new.jpg,foliage
foliage_final_067_new.jpg,foliage
foliage_final_068_new.jpg,foliage
foliage_final_069_new.jpg,foliage
foliage_final_070_new.jpg,foliage
foliage_final_071_new.jpg,foliage
foliage_final_072_new.jpg,foliage
foliage_final_074_new.jpg,foliage
foliage_final_075_new.jpg,foliage
foliage_final_076_new.jpg,foliage
foliage_final_077_new.jpg,foliage
foliage_final_078_new.jpg,foliage
foliage_final_079_new.jpg,foliage
foliage_final_080_new.jpg,foliage
foliage_final_081_new.jpg,foliage
foliage_final_083_new.jpg,foliage
foliage_final_084_new.jpg,foliage
foliage_final_085_new.jpg,foliage
foliage_final_086_new.jpg,foliage
foliage_final_088_new.jpg,foliage
foliage_final_089_new.jpg,foliage
foliage_final_090_new.jpg,foliage
foliage_final_091_new.jpg,foliage
foliage_final_092_new.jpg,foliage
foliage_final_093_new.jpg,foliage
foliage_final_094_new.jpg,foliage
foliage_final_095_new.jpg,foliage
foliage_final_096_new.jpg,foliage
foliage_final_097_new.jpg,foliage
foliage_final_098_new.jpg,foliage
foliage_final_099_new.jpg,foliage
foliage_final_100_new.jpg,foliage
glass_moderate_001_new.jpg,glass
glass_moderate_002_new.jpg,glass
glass_moderate_003_new.jpg,glass
glass_moderate_004_new.jpg,glass
glass_moderate_005_new.jpg,glass
glass_moderate_006_new.jpg,glass
glass_moderate_008_new.jpg,glass
glass_moderate_009_new.jpg,glass
glass_moderate_010_new.jpg,glass
glass_moderate_011_new.jpg,glass
glass_moderate_012_new.jpg,glass
glass_moderate_013_new.jpg,glass
glass_moderate_014_new.jpg,glass
glass_moderate_015_new.jpg,glass
glass_moderate_016_new.jpg,glass
glass_moderate_017_new.jpg,glass
glass_moderate_018_new.jpg,glass
glass_moderate_019_new.jpg,glass
glass_moderate_020_new.jpg,glass
glass_moderate_021_new.jpg,glass
glass_moderate_022_new.jpg,glass
glass_moderate_023_new.jpg,glass
glass_moderate_024_new.jpg,glass
glass_moderate_025_new.jpg,glass
glass_moderate_026_new.jpg,glass
glass_moderate_027_new.jpg,glass
glass_moderate_028_new.jpg,glass
glass_moderate_029_new.jpg,glass
glass_moderate_030_new.jpg,glass
glass_moderate_032_new.jpg,glass
glass_moderate_033_new.jpg,glass
glass_moderate_034_new.jpg,glass
glass_moderate_035_new.jpg,glass
glass_moderate_036_new.jpg,glass
glass_moderate_037_new.jpg,glass
glass_moderate_038_new.jpg,glass
glass_moderate_039_new.jpg,glass
glass_moderate_040_new.jpg,glass
glass_moderate_041_new.jpg,glass
glass_moderate_042_new.jpg,glass
glass_moderate_043_new.jpg,glass
glass_moderate_044_new.jpg,glass
glass_moderate_045_new.jpg,glass
glass_moderate_046_new.jpg,glass
glass_moderate_047_new.jpg,glass
glass_moderate_048_new.jpg,glass
glass_moderate_050_new.jpg,glass
glass_object_001_new.jpg,glass
glass_object_002_new.jpg,glass
glass_object_003_new.jpg,glass
glass_object_004_new.jpg,glass
glass_object_005_new.jpg,glass
glass_object_006_new.jpg,glass
glass_object_007_new.jpg,glass
glass_object_008_new.jpg,glass
glass_object_010_new.jpg,glass
glass_object_011_new.jpg,glass
glass_object_012_new.jpg,glass
glass_object_013_new.jpg,glass
glass_object_014_new.jpg,glass
glass_object_015_new.jpg,glass
glass_object_016_new.jpg,glass
glass_object_017_new.jpg,glass
glass_object_018_new.jpg,glass
glass_object_019_new.jpg,glass
glass_object_021_new.jpg,glass
glass_object_023_new.jpg,glass
glass_object_024_new.jpg,glass
glass_object_025_new.jpg,glass
glass_object_026_new.jpg,glass
glass_object_027_new.jpg,glass
glass_object_028_new.jpg,glass
glass_object_031_new.jpg,glass
glass_object_032_new.jpg,glass
glass_object_033_new.jpg,glass
glass_object_034_new.jpg,glass
glass_object_035_new.jpg,glass
glass_object_036_new.jpg,glass
glass_object_037_new.jpg,glass
glass_object_038_new.jpg,glass
glass_object_039_new.jpg,glass
glass_object_040_new.jpg,glass
glass_object_041_new.jpg,glass
glass_object_042_new.jpg,glass
glass_object_043_new.jpg,glass
glass_object_044_new.jpg,glass
glass_object_046_new.jpg,glass
glass_object_047_new.jpg,glass
glass_object_048_new.jpg,glass
glass_object_049_new.jpg,glass
glass_object_050_new.jpg,glass
leather_moderate_001_new.jpg,leather
leather_moderate_002_new.jpg,leather
leather_moderate_003_new.jpg,leather
leather_moderate_004_new.jpg,leather
leather_moderate_005_new.jpg,leather
leather_moderate_007_new.jpg,leather
leather_moderate_008_new.jpg,leather
leather_moderate_009_new.jpg,leather
leather_moderate_011_new.jpg,leather
leather_moderate_012_new.jpg,leather
leather_moderate_013_new.jpg,leather
leather_moderate_014_new.jpg,leather
leather_moderate_015_new.jpg,leather
leather_moderate_017_new.jpg,leather
leather_moderate_018_new.jpg,leather
leather_moderate_019_new.jpg,leather
leather_moderate_020_new.jpg,leather
leather_moderate_021_new.jpg,leather
leather_moderate_022_new.jpg,leather
leather_moderate_023_new.jpg,leather
leather_moderate_024_new.jpg,leather
leather_moderate_025_new.jpg,leather
leather_moderate_027_new.jpg,leather
leather_moderate_028_new.jpg,leather
leather_moderate_029_new.jpg,leather
leather_moderate_031_new.jpg,leather
leather_moderate_032_new.jpg,leather
leather_moderate_033_new.jpg,leather
leather_moderate_034_new.jpg,leather
leather_moderate_035_new.jpg,leather
leather_moderate_036_new.jpg,leather
leather_moderate_039_new.jpg,leather
leather_moderate_040_new.jpg,leather
leather_moderate_041_new.jpg,leather
leather_moderate_042_new.jpg,leather
leather_moderate_043_new.jpg,leather
leather_moderate_044_new.jpg,leather
leather_moderate_045_new.jpg,leather
leather_moderate_046_new.jpg,leather
leather_moderate_047_new.jpg,leather
leather_moderate_049_new.jpg,leather
leather_moderate_050_new.jpg,leather
leather_object_002_new.jpg,leather
leather_object_003_new.jpg,leather
leather_object_004_new.jpg,leather
leather_object_005_new.jpg,leather
leather_object_006_new.jpg,leather
leather_object_007_new.jpg,leather
leather_object_008_new.jpg,leather
leather_object_009_new.jpg,leather
leather_object_010_new.jpg,leather
leather_object_011_new.jpg,leather
leather_object_013_new.jpg,leather
leather_object_014_new.jpg,leather
leather_object_015_new.jpg,leather
leather_object_016_new.jpg,leather
leather_object_017_new.jpg,leather
leather_object_018_new.jpg,leather
leather_object_019_new.jpg,leather
leather_object_020_new.jpg,leather
leather_object_022_new.jpg,leather
leather_object_023_new.jpg,leather
leather_object_024_new.jpg,leather
leather_object_025_new.jpg,leather
leather_object_026_new.jpg,leather
leather_object_027_new.jpg,leather
leather_object_028_new.jpg,leather
leather_object_029_new.jpg,leather
leather_object_030_new.jpg,leather
leather_object_031_new.jpg,leather
leather_object_032_new.jpg,leather
leather_object_033_new.jpg,leather
leather_object_034_new.jpg,leather
leather_object_035_new.jpg,leather
leather_object_036_new.jpg,leather
leather_object_037_new.jpg,leather
leather_object_038_new.jpg,leather
leather_object_040_new.jpg,leather
leather_object_042_new.jpg,leather
leather_object_044_new.jpg,leather
leather_object_045_new.jpg,leather
leather_object_046_new.jpg,leather
leather_object_047_new.jpg,leather
leather_object_049_new.jpg,leather
leather_object_050_new.jpg,leather
metal_moderate_001_new.jpg,metal
metal_moderate_002_new.jpg,metal
metal_moderate_004_new.jpg,metal
metal_moderate_005_new.jpg,metal
metal_moderate_006_new.jpg,metal
metal_moderate_007_new.jpg,metal
metal_moderate_008_new.jpg,metal
metal_moderate_009_new.jpg,metal
metal_moderate_010_new.jpg,metal
metal_moderate_011_new.jpg,metal
metal_moderate_012_new.jpg,metal
metal_moderate_013_new.jpg,metal
metal_moderate_014_new.jpg,metal
metal_moderate_015_new.jpg,metal
metal_moderate_017_new.jpg,metal
metal_moderate_018_new.jpg,metal
metal_moderate_020_new.jpg,metal
metal_moderate_021_new.jpg,metal
metal_moderate_022_new.jpg,metal
metal_moderate_023_new.jpg,metal
metal_moderate_024_new.jpg,metal
metal_moderate_025_new.jpg,metal
metal_moderate_026_new.jpg,metal
metal_moderate_027_new.jpg,metal
metal_moderate_028_new.jpg,metal
metal_moderate_029_new.jpg,metal
metal_moderate_030_new.jpg,metal
metal_moderate_031_new.jpg,metal
metal_moderate_033_new.jpg,metal
metal_moderate_034_new.jpg,metal
metal_moderate_035_new.jpg,metal
metal_moderate_036_new.jpg,metal
metal_moderate_037_new.jpg,metal
metal_moderate_038_new.jpg,metal
metal_moderate_039_new.jpg,metal
metal_moderate_040_new.jpg,metal
metal_moderate_041_new.jpg,metal
metal_moderate_042_new.jpg,metal
metal_moderate_043_new.jpg,metal
metal_moderate_044_new.jpg,metal
metal_moderate_045_new.jpg,metal
metal_moderate_046_new.jpg,metal
metal_moderate_047_new.jpg,metal
metal_moderate_048_new.jpg,metal
metal_moderate_049_new.jpg,metal
metal_moderate_050_new.jpg,metal
metal_object_001_new.jpg,metal
metal_object_002_new.jpg,metal
metal_object_003_new.jpg,metal
metal_object_004_new.jpg,metal
metal_object_005_new.jpg,metal
metal_object_006_new.jpg,metal
metal_object_007_new.jpg,metal
metal_object_010_new.jpg,metal
metal_object_011_new.jpg,metal
metal_object_012_new.jpg,metal
metal_object_013_new.jpg,metal
metal_object_014_new.jpg,metal
metal_object_016_new.jpg,metal
metal_object_017_new.jpg,metal
metal_object_018_new.jpg,metal
metal_object_019_new.jpg,metal
metal_object_020_new.jpg,metal
metal_object_021_new.jpg,metal
metal_object_023_new.jpg,metal
metal_object_024_new.jpg,metal
metal_object_025_new.jpg,metal
metal_object_026_new.jpg,metal
metal_object_027_new.jpg,metal
metal_object_028_new.jpg,metal
metal_object_029_new.jpg,metal
metal_object_030_new.jpg,metal
metal_object_031_new.jpg,metal
metal_object_033_new.jpg,metal
metal_object_034_new.jpg,metal
metal_object_035_new.jpg,metal
metal_object_036_new.jpg,metal
metal_object_037_new.jpg,metal
metal_object_038_new.jpg,metal
metal_object_039_new.jpg,metal
metal_object_040_new.jpg,metal
metal_object_041_new.jpg,metal
metal_object_042_new.jpg,metal
metal_object_043_new.jpg,metal
metal_object_044_new.jpg,metal
metal_object_045_new.jpg,metal
metal_object_047_new.jpg,metal
metal_object_048_new.jpg,metal
metal_object_049_new.jpg,metal
paper_moderate_002_new.jpg,paper
paper_moderate_003_new.jpg,paper
paper_moderate_004_new.jpg,paper
paper_moderate_005_new.jpg,paper
paper_moderate_006_new.jpg,paper
paper_moderate_007_new.jpg,paper
paper_moderate_008_new.jpg,paper
paper_moderate_009_new.jpg,paper
paper_moderate_010_new.jpg,paper
paper_moderate_011_new.jpg,paper
paper_moderate_012_new.jpg,paper
paper_moderate_013_new.jpg,paper
paper_moderate_014_new.jpg,paper
paper_moderate_015_new.jpg,paper
paper_moderate_016_new.jpg,paper
paper_moderate_017_new.jpg,paper
paper_moderate_019_new.jpg,paper
paper_moderate_020_new.jpg,paper
paper_moderate_021_new.jpg,paper
paper_moderate_022_new.jpg,paper
paper_moderate_023_new.jpg,paper
paper_moderate_024_new.jpg,paper
paper_moderate_026_new.jpg,paper
paper_moderate_029_new.jpg,paper
paper_moderate_030_new.jpg,paper
paper_moderate_031_new.jpg,paper
paper_moderate_032_new.jpg,paper
paper_moderate_033_new.jpg,paper
paper_moderate_034_new.jpg,paper
paper_moderate_035_new.jpg,paper
paper_moderate_036_new.jpg,paper
paper_moderate_037_new.jpg,paper
paper_moderate_038_new.jpg,paper
paper_moderate_039_new.jpg,paper
paper_moderate_040_new.jpg,paper
paper_moderate_041_new.jpg,paper
paper_moderate_042_new.jpg,paper
paper_moderate_043_new.jpg,paper
paper_moderate_044_new.jpg,paper
paper_moderate_045_new.jpg,paper
paper_moderate_047_new.jpg,paper
paper_moderate_048_new.jpg,paper
paper_moderate_049_new.jpg,paper
paper_moderate_050_new.jpg,paper
paper_object_001_new.jpg,paper
paper_object_003_new.jpg,paper
paper_object_004_new.jpg,paper
paper_object_005_new.jpg,paper
paper_object_006_new.jpg,paper
paper_object_007_new.jpg,paper
paper_object_008_new.jpg,paper
paper_object_009_new.jpg,paper
paper_object_010_new.jpg,paper
paper_object_011_new.jpg,paper
paper_object_012_new.jpg,paper
paper_object_013_new.jpg,paper
paper_object_014_new.jpg,paper
paper_object_015_new.jpg,paper
paper_object_016_new.jpg,paper
paper_object_017_new.jpg,paper
paper_object_018_new.jpg,paper
paper_object_019_new.jpg,paper
paper_object_020_new.jpg,paper
paper_object_021_new.jpg,paper
paper_object_023_new.jpg,paper
paper_object_024_new.jpg,paper
paper_object_025_new.jpg,paper
paper_object_026_new.jpg,paper
paper_object_027_new.jpg,paper
paper_object_028_new.jpg,paper
paper_object_029_new.jpg,paper
paper_object_031_new.jpg,paper
paper_object_032_new.jpg,paper
paper_object_033_new.jpg,paper
paper_object_034_new.jpg,paper
paper_object_035_new.jpg,paper
paper_object_036_new.jpg,paper
paper_object_037_new.jpg,paper
paper_object_038_new.jpg,paper
paper_object_039_new.jpg,paper
paper_object_040_new.jpg,paper
paper_object_041_new.jpg,paper
paper_object_042_new.jpg,paper
paper_object_043_new.jpg,paper
paper_object_044_new.jpg,paper
paper_object_045_new.jpg,paper
paper_object_046_new.jpg,paper
paper_object_047_new.jpg,paper
paper_object_048_new.jpg,paper
paper_object_049_new.jpg,paper
paper_object_050_new.jpg,paper
plastic_moderate_001_new.jpg,plastic
plastic_moderate_002_new.jpg,plastic
plastic_moderate_003_new.jpg,plastic
plastic_moderate_004_new.jpg,plastic
plastic_moderate_005_new.jpg,plastic
plastic_moderate_006_new.jpg,plastic
plastic_moderate_007_new.jpg,plastic
plastic_moderate_008_new.jpg,plastic
plastic_moderate_009_new.jpg,plastic
plastic_moderate_010_new.jpg,plastic
plastic_moderate_011_new.jpg,plastic
plastic_moderate_012_new.jpg,plastic
plastic_moderate_013_new.jpg,plastic
plastic_moderate_014_new.jpg,plastic
plastic_moderate_015_new.jpg,plastic
plastic_moderate_016_new.jpg,plastic
plastic_moderate_017_new.jpg,plastic
plastic_moderate_018_new.jpg,plastic
plastic_moderate_019_new.jpg,plastic
plastic_moderate_021_new.jpg,plastic
plastic_moderate_022_new.jpg,plastic
plastic_moderate_023_new.jpg,plastic
plastic_moderate_024_new.jpg,plastic
plastic_moderate_025_new.jpg,plastic
plastic_moderate_026_new.jpg,plastic
plastic_moderate_027_new.jpg,plastic
plastic_moderate_028_new.jpg,plastic
plastic_moderate_029_new.jpg,plastic
plastic_moderate_030_new.jpg,plastic
plastic_moderate_032_new.jpg,plastic
plastic_moderate_033_new.jpg,plastic
plastic_moderate_034_new.jpg,plastic
plastic_moderate_035_new.jpg,plastic
plastic_moderate_036_new.jpg,plastic
plastic_moderate_037_new.jpg,plastic
plastic_moderate_038_new.jpg,plastic
plastic_moderate_039_new.jpg,plastic
plastic_moderate_040_new.jpg,plastic
plastic_moderate_041_new.jpg,plastic
plastic_moderate_042_new.jpg,plastic
plastic_moderate_043_new.jpg,plastic
plastic_moderate_044_new.jpg,plastic
plastic_moderate_045_new.jpg,plastic
plastic_moderate_046_new.jpg,plastic
plastic_moderate_047_new.jpg,plastic
plastic_moderate_049_new.jpg,plastic
plastic_moderate_050_new.jpg,plastic
plastic_object_001_new.jpg,plastic
plastic_object_002_new.jpg,plastic
plastic_object_003_new.jpg,plastic
plastic_object_004_new.jpg,plastic
plastic_object_005_new.jpg,plastic
plastic_object_006_new.jpg,plastic
plastic_object_007_new.jpg,plastic
plastic_object_008_new.jpg,plastic
plastic_object_009_new.jpg,plastic
plastic_object_010_new.jpg,plastic
plastic_object_011_new.jpg,plastic
plastic_object_012_new.jpg,plastic
plastic_object_013_new.jpg,plastic
plastic_object_014_new.jpg,plastic
plastic_object_015_new.jpg,plastic
plastic_object_016_new.jpg,plastic
plastic_object_017_new.jpg,plastic
plastic_object_018_new.jpg,plastic
plastic_object_019_new.jpg,plastic
plastic_object_020_new.jpg,plastic
plastic_object_021_new.jpg,plastic
plastic_object_022_new.jpg,plastic
plastic_object_023_new.jpg,plastic
plastic_object_024_new.jpg,plastic
plastic_object_025_new.jpg,plastic
plastic_object_026_new.jpg,plastic
plastic_object_027_new.jpg,plastic
plastic_object_028_new.jpg,plastic
plastic_object_029_new.jpg,plastic
plastic_object_030_new.jpg,plastic
plastic_object_031_new.jpg,plastic
plastic_object_032_new.jpg,plastic
plastic_object_033_new.jpg,plastic
plastic_object_035_new.jpg,plastic
plastic_object_036_new.jpg,plastic
plastic_object_037_new.jpg,plastic
plastic_object_038_new.jpg,plastic
plastic_object_039_new.jpg,plastic
plastic_object_040_new.jpg,plastic
plastic_object_041_new.jpg,plastic
plastic_object_042_new.jpg,plastic
plastic_object_043_new.jpg,plastic
plastic_object_044_new.jpg,plastic
plastic_object_045_new.jpg,plastic
plastic_object_046_new.jpg,plastic
plastic_object_047_new.jpg,plastic
plastic_object_048_new.jpg,plastic
plastic_object_049_new.jpg,plastic
plastic_object_050_new.jpg,plastic
stone_moderate_001_new.jpg,stone
stone_moderate_003_new.jpg,stone
stone_moderate_004_new.jpg,stone
stone_moderate_005_new.jpg,stone
stone_moderate_007_new.jpg,stone
stone_moderate_008_new.jpg,stone
stone_moderate_009_new.jpg,stone
stone_moderate_010_new.jpg,stone
stone_moderate_011_new.jpg,stone
stone_moderate_012_new.jpg,stone
stone_moderate_013_new.jpg,stone
stone_moderate_014_new.jpg,stone
stone_moderate_015_new.jpg,stone
stone_moderate_017_new.jpg,stone
stone_moderate_020_new.jpg,stone
stone_moderate_021_new.jpg,stone
stone_moderate_022_new.jpg,stone
stone_moderate_024_new.jpg,stone
stone_moderate_025_new.jpg,stone
stone_moderate_026_new.jpg,stone
stone_moderate_027_new.jpg,stone
stone_moderate_028_new.jpg,stone
stone_moderate_029_new.jpg,stone
stone_moderate_030_new.jpg,stone
stone_moderate_031_new.jpg,stone
stone_moderate_032_new.jpg,stone
stone_moderate_033_new.jpg,stone
stone_moderate_034_new.jpg,stone
stone_moderate_035_new.jpg,stone
stone_moderate_036_new.jpg,stone
stone_moderate_037_new.jpg,stone
stone_moderate_039_new.jpg,stone
stone_moderate_040_new.jpg,stone
stone_moderate_041_new.jpg,stone
stone_moderate_043_new.jpg,stone
stone_moderate_044_new.jpg,stone
stone_moderate_045_new.jpg,stone
stone_moderate_046_new.jpg,stone
stone_moderate_047_new.jpg,stone
stone_moderate_048_new.jpg,stone
stone_moderate_049_new.jpg,stone
stone_moderate_050_new.jpg,stone
stone_object_001_new.jpg,stone
stone_object_002_new.jpg,stone
stone_object_003_new.jpg,stone
stone_object_004_new.jpg,stone
stone_object_005_new.jpg,stone
stone_object_006_new.jpg,stone
stone_object_008_new.jpg,stone
stone_object_009_new.jpg,stone
stone_object_010_new.jpg,stone
stone_object_012_new.jpg,stone
stone_object_013_new.jpg,stone
stone_object_015_new.jpg,stone
stone_object_016_new.jpg,stone
stone_object_017_new.jpg,stone
stone_object_018_new.jpg,stone
stone_object_019_new.jpg,stone
stone_object_020_new.jpg,stone
stone_object_021_new.jpg,stone
stone_object_022_new.jpg,stone
stone_object_023_new.jpg,stone
stone_object_024_new.jpg,stone
stone_object_025_new.jpg,stone
stone_object_026_new.jpg,stone
stone_object_027_new.jpg,stone
stone_object_028_new.jpg,stone
stone_object_031_new.jpg,stone
stone_object_033_new.jpg,stone
stone_object_034_new.jpg,stone
stone_object_035_new.jpg,stone
stone_object_037_new.jpg,stone
stone_object_038_new.jpg,stone
stone_object_040_new.jpg,stone
stone_object_041_new.jpg,stone
stone_object_042_new.jpg,stone
stone_object_043_new.jpg,stone
stone_object_044_new.jpg,stone
stone_object_045_new.jpg,stone
stone_object_046_new.jpg,stone
stone_object_048_new.jpg,stone
stone_object_049_new.jpg,stone
stone_object_050_new.jpg,stone
water_moderate_001_new.jpg,water
water_moderate_001_new.jpg,water
water_moderate_002_new.jpg,water
water_moderate_002_new.jpg,water
water_moderate_003_new.jpg,water
water_moderate_003_new.jpg,water
water_moderate_004_new.jpg,water
water_moderate_004_new.jpg,water
water_moderate_005_new.jpg,water
water_moderate_005_new.jpg,water
water_moderate_006_new.jpg,water
water_moderate_006_new.jpg,water
water_moderate_007_new.jpg,water
water_moderate_007_new.jpg,water
water_moderate_008_new.jpg,water
water_moderate_008_new.jpg,water
water_moderate_009_new.jpg,water
water_moderate_009_new.jpg,water
water_moderate_010_new.jpg,water
water_moderate_010_new.jpg,water
water_moderate_011_new.jpg,water
water_moderate_011_new.jpg,water
water_moderate_012_new.jpg,water
water_moderate_012_new.jpg,water
water_moderate_013_new.jpg,water
water_moderate_013_new.jpg,water
water_moderate_014_new.jpg,water
water_moderate_014_new.jpg,water
water_moderate_015_new.jpg,water
water_moderate_015_new.jpg,water
water_moderate_016_new.jpg,water
water_moderate_016_new.jpg,water
water_moderate_017_new.jpg,water
water_moderate_017_new.jpg,water
water_moderate_018_new.jpg,water
water_moderate_018_new.jpg,water
water_moderate_019_new.jpg,water
water_moderate_019_new.jpg,water
water_moderate_020_new.jpg,water
water_moderate_020_new.jpg,water
water_moderate_021_new.jpg,water
water_moderate_021_new.jpg,water
water_moderate_022_new.jpg,water
water_moderate_022_new.jpg,water
water_moderate_023_new.jpg,water
water_moderate_023_new.jpg,water
water_moderate_024_new.jpg,water
water_moderate_024_new.jpg,water
water_moderate_025_new.jpg,water
water_moderate_025_new.jpg,water
water_moderate_026_new.jpg,water
water_moderate_026_new.jpg,water
water_moderate_027_new.jpg,water
water_moderate_027_new.jpg,water
water_moderate_028_new.jpg,water
water_moderate_028_new.jpg,water
water_moderate_029_new.jpg,water
water_moderate_029_new.jpg,water
water_moderate_030_new.jpg,water
water_moderate_030_new.jpg,water
water_moderate_031_new.jpg,water
water_moderate_031_new.jpg,water
water_moderate_032_new.jpg,water
water_moderate_032_new.jpg,water
water_moderate_033_new.jpg,water
water_moderate_033_new.jpg,water
water_moderate_034_new.jpg,water
water_moderate_034_new.jpg,water
water_moderate_035_new.jpg,water
water_moderate_035_new.jpg,water
water_moderate_036_new.jpg,water
water_moderate_036_new.jpg,water
water_moderate_037_new.jpg,water
water_moderate_037_new.jpg,water
water_moderate_038_new.jpg,water
water_moderate_038_new.jpg,water
water_moderate_039_new.jpg,water
water_moderate_039_new.jpg,water
water_moderate_040_new.jpg,water
water_moderate_040_new.jpg,water
water_moderate_041_new.jpg,water
water_moderate_041_new.jpg,water
water_moderate_042_new.jpg,water
water_moderate_042_new.jpg,water
water_moderate_043_new.jpg,water
water_moderate_043_new.jpg,water
water_moderate_044_new.jpg,water
water_moderate_044_new.jpg,water
water_moderate_045_new.jpg,water
water_moderate_045_new.jpg,water
water_moderate_046_new.jpg,water
water_moderate_046_new.jpg,water
water_moderate_047_new.jpg,water
water_moderate_047_new.jpg,water
water_moderate_048_new.jpg,water
water_moderate_048_new.jpg,water
water_moderate_049_new.jpg,water
water_moderate_049_new.jpg,water
water_moderate_050_new.jpg,water
water_moderate_050_new.jpg,water
water_object_001_new.jpg,water
water_object_001_new.jpg,water
water_object_002_new.jpg,water
water_object_002_new.jpg,water
water_object_003_new.jpg,water
water_object_003_new.jpg,water
water_object_004_new.jpg,water
water_object_004_new.jpg,water
water_object_005_new.jpg,water
water_object_005_new.jpg,water
water_object_006_new.jpg,water
water_object_006_new.jpg,water
water_object_007_new.jpg,water
water_object_007_new.jpg,water
water_object_008_new.jpg,water
water_object_009_new.jpg,water
water_object_009_new.jpg,water
water_object_010_new.jpg,water
water_object_010_new.jpg,water
water_object_011_new.jpg,water
water_object_011_new.jpg,water
water_object_012_new.jpg,water
water_object_012_new.jpg,water
water_object_013_new.jpg,water
water_object_014_new.jpg,water
water_object_014_new.jpg,water
water_object_015_new.jpg,water
water_object_015_new.jpg,water
water_object_016_new.jpg,water
water_object_016_new.jpg,water
water_object_017_new.jpg,water
water_object_017_new.jpg,water
water_object_018_new.jpg,water
water_object_018_new.jpg,water
water_object_019_new.jpg,water
water_object_019_new.jpg,water
water_object_020_new.jpg,water
water_object_021_new.jpg,water
water_object_021_new.jpg,water
water_object_022_new.jpg,water
water_object_022_new.jpg,water
water_object_023_new.jpg,water
water_object_023_new.jpg,water
water_object_024_new.jpg,water
water_object_024_new.jpg,water
water_object_025_new.jpg,water
water_object_025_new.jpg,water
water_object_026_new.jpg,water
water_object_027_new.jpg,water
water_object_027_new.jpg,water
water_object_028_new.jpg,water
water_object_028_new.jpg,water
water_object_029_new.jpg,water
water_object_029_new.jpg,water
water_object_030_new.jpg,water
water_object_030_new.jpg,water
water_object_031_new.jpg,water
water_object_031_new.jpg,water
water_object_032_new.jpg,water
water_object_032_new.jpg,water
water_object_033_new.jpg,water
water_object_033_new.jpg,water
water_object_034_new.jpg,water
water_object_034_new.jpg,water
water_object_035_new.jpg,water
water_object_035_new.jpg,water
water_object_036_new.jpg,water
water_object_036_new.jpg,water
water_object_037_new.jpg,water
water_object_037_new.jpg,water
water_object_038_new.jpg,water
water_object_038_new.jpg,water
water_object_039_new.jpg,water
water_object_039_new.jpg,water
water_object_040_new.jpg,water
water_object_040_new.jpg,water
water_object_041_new.jpg,water
water_object_041_new.jpg,water
water_object_042_new.jpg,water
water_object_043_new.jpg,water
water_object_044_new.jpg,water
water_object_044_new.jpg,water
water_object_045_new.jpg,water
water_object_045_new.jpg,water
water_object_046_new.jpg,water
water_object_047_new.jpg,water
water_object_047_new.jpg,water
water_object_048_new.jpg,water
water_object_048_new.jpg,water
water_object_049_new.jpg,water
water_object_049_new.jpg,water
water_object_050_new.jpg,water
water_object_050_new.jpg,water
wood_moderate_002_new.jpg,wood
wood_moderate_003_new.jpg,wood
wood_moderate_004_new.jpg,wood
wood_moderate_005_new.jpg,wood
wood_moderate_006_new.jpg,wood
wood_moderate_007_new.jpg,wood
wood_moderate_008_new.jpg,wood
wood_moderate_009_new.jpg,wood
wood_moderate_010_new.jpg,wood
wood_moderate_011_new.jpg,wood
wood_moderate_012_new.jpg,wood
wood_moderate_013_new.jpg,wood
wood_moderate_014_new.jpg,wood
wood_moderate_015_new.jpg,wood
wood_moderate_016_new.jpg,wood
wood_moderate_017_new.jpg,wood
wood_moderate_018_new.jpg,wood
wood_moderate_019_new.jpg,wood
wood_moderate_020_new.jpg,wood
wood_moderate_022_new.jpg,wood
wood_moderate_023_new.jpg,wood
wood_moderate_024_new.jpg,wood
wood_moderate_025_new.jpg,wood
wood_moderate_026_new.jpg,wood
wood_moderate_027_new.jpg,wood
wood_moderate_028_new.jpg,wood
wood_moderate_029_new.jpg,wood
wood_moderate_030_new.jpg,wood
wood_moderate_031_new.jpg,wood
wood_moderate_032_new.jpg,wood
wood_moderate_033_new.jpg,wood
wood_moderate_034_new.jpg,wood
wood_moderate_036_new.jpg,wood
wood_moderate_037_new.jpg,wood
wood_moderate_038_new.jpg,wood
wood_moderate_039_new.jpg,wood
wood_moderate_040_new.jpg,wood
wood_moderate_041_new.jpg,wood
wood_moderate_042_new.jpg,wood
wood_moderate_044_new.jpg,wood
wood_moderate_046_new.jpg,wood
wood_moderate_047_new.jpg,wood
wood_moderate_048_new.jpg,wood
wood_moderate_049_new.jpg,wood
wood_moderate_050_new.jpg,wood
wood_object_001_new.jpg,wood
wood_object_002_new.jpg,wood
wood_object_003_new.jpg,wood
wood_object_004_new.jpg,wood
wood_object_005_new.jpg,wood
wood_object_007_new.jpg,wood
wood_object_008_new.jpg,wood
wood_object_009_new.jpg,wood
wood_object_010_new.jpg,wood
wood_object_011_new.jpg,wood
wood_object_012_new.jpg,wood
wood_object_013_new.jpg,wood
wood_object_014_new.jpg,wood
wood_object_015_new.jpg,wood
wood_object_016_new.jpg,wood
wood_object_017_new.jpg,wood
wood_object_020_new.jpg,wood
wood_object_021_new.jpg,wood
wood_object_022_new.jpg,wood
wood_object_023_new.jpg,wood
wood_object_024_new.jpg,wood
wood_object_026_new.jpg,wood
wood_object_028_new.jpg,wood
wood_object_029_new.jpg,wood
wood_object_030_new.jpg,wood
wood_object_031_new.jpg,wood
wood_object_032_new.jpg,wood
wood_object_033_new.jpg,wood
wood_object_034_new.jpg,wood
wood_object_035_new.jpg,wood
wood_object_036_new.jpg,wood
wood_object_037_new.jpg,wood
wood_object_038_new.jpg,wood
wood_object_039_new.jpg,wood
wood_object_040_new.jpg,wood
wood_object_041_new.jpg,wood
wood_object_042_new.jpg,wood
wood_object_043_new.jpg,wood
wood_object_044_new.jpg,wood
wood_object_045_new.jpg,wood
wood_object_046_new.jpg,wood
wood_object_047_new.jpg,wood
wood_object_049_new.jpg,wood
